Simulation,Waveform Fatal Count,Waveform Quality Count,Waveform Overshoot Count,Power (W),VinMeas Margin,Node VM,Time VM (ns),Min Slew Time (ns),Node MnS,Time MnS (ns),Max Slew Time (ns),Node MxS,Time MxS (ns),VinH Margin (V),Node VHM,Time VHM (ns),VinL Margin (V),Node VLM,Time VLM (ns),Overshoot Low Margin (V),Node OLM,Time OLM (ns),Overshoot High Margin (V),Node OHM,Time OHM (ns),AC Overshoot Low Area Margin (V*ns),Node ACOLAM,Time ACOLAM (ns),AC Overshoot High Area Margin (V*ns),Node ACOHAM,Time ACOHAM (ns),Non Monotonic Time (ns),Node NMT,Time NMT (ns),Eye Width (ns),Node EW,Virtual Eye Width (ns),Node VEW,VinMeas Jitter (ns),Node EJ,Eye Inner Height (V),Node EIH,Eye Outer Height (V),Node EOH,TRANSFER_NET,SIMULATOR,DRIVER,AC_NOISE,AC_NOISE_SOURCE,AGGRESSORS,CORNER,$T1:DELAY,$T2:DELAY,$T4:DELAY,UI,PATTERN
controller_ssse_3_0o75_0o75\controller_ssse_3_0o75_0o75.csd,0,0,0,NA,1.141,IO0_pad,220.384,0.063,IO0_pad,121.698,0.102,IO1_pad,227.010,2.035,IO0_pad,109.147,1.649,IO0_pad,123.333,,,,,,,,,,,,,,,,14.789,IO1_pad,14.789,IO1_pad,0.125,IO1_pad,2.825,IO0_pad,4.541,IO1_pad,sheet1,IsSpice4,Controller,0.000,tnet,0,SSSE,3in,0.75in,0.75in,15n,default_clock
io0_ssse_3_0o75_0o75\io0_ssse_3_0o75_0o75.csd,0,0,0,NA,1.169,Controller_pad,69.996,0.067,Controller_pad,91.719,0.085,Controller_pad,226.814,2.099,Controller_pad,138.109,1.682,Controller_pad,33.014,,,,,,,,,,,,,,,,14.818,Controller_pad,14.818,Controller_pad,0.107,Controller_pad,2.636,Controller_pad,4.450,Controller_pad,sheet1,IsSpice4,IO0,0.000,tnet,0,SSSE,3in,0.75in,0.75in,15n,default_clock
io1_ssse_3_0o75_0o75\io1_ssse_3_0o75_0o75.csd,0,0,0,NA,1.283,Controller_pad,160.415,0.073,Controller_pad,31.903,0.103,Controller_pad,77.003,2.172,Controller_pad,198.174,1.699,Controller_pad,32.934,,,,,,,,,,,,,,,,14.799,Controller_pad,14.799,Controller_pad,0.114,Controller_pad,2.532,Controller_pad,4.543,Controller_pad,sheet1,IsSpice4,IO1,0.000,tnet,0,SSSE,3in,0.75in,0.75in,15n,default_clock
controller_ssse_3_0o75_1o5\controller_ssse_3_0o75_1o5.csd,0,7,0,NA,1.202,IO1_pad,39.911,0.064,IO0_pad,151.696,0.098,IO1_pad,197.163,2.085,IO0_pad,229.486,1.651,IO0_pad,33.280,,,,,,,,,,,,,,,,13.874,IO0_pad,13.874,IO0_pad,0.119,IO1_pad,2.596,IO1_pad,4.608,IO1_pad,sheet1,IsSpice4,Controller,0.000,tnet,0,SSSE,3in,0.75in,1.5in,15n,default_clock
io0_ssse_3_0o75_1o5\io0_ssse_3_0o75_1o5.csd,0,0,0,NA,1.110,Controller_pad,72.073,0.065,Controller_pad,181.710,0.093,Controller_pad,166.810,1.757,Controller_pad,229.003,1.662,Controller_pad,63.245,,,,,,,,,,,,,,,,14.804,Controller_pad,14.804,Controller_pad,0.117,Controller_pad,2.775,Controller_pad,4.107,Controller_pad,sheet1,IsSpice4,IO0,0.000,tnet,0,SSSE,3in,0.75in,1.5in,15n,default_clock
io1_ssse_3_0o75_1o5\io1_ssse_3_0o75_1o5.csd,0,0,0,NA,1.316,Controller_pad,70.542,0.072,Controller_pad,182.054,0.101,Controller_pad,227.158,2.207,Controller_pad,108.356,1.691,Controller_pad,123.226,,,,,,,,,,,,,,,,14.794,Controller_pad,14.794,Controller_pad,0.119,Controller_pad,2.442,Controller_pad,4.563,Controller_pad,sheet1,IsSpice4,IO1,0.000,tnet,0,SSSE,3in,0.75in,1.5in,15n,default_clock
controller_ssse_3_1o5_0o75\controller_ssse_3_1o5_0o75.csd,0,0,0,NA,1.178,IO1_pad,191.132,0.064,IO0_pad,211.842,0.096,IO1_pad,197.013,1.994,IO0_pad,199.646,1.659,IO0_pad,183.739,,,,,,,,,,,,,,,,14.796,IO0_pad,14.796,IO0_pad,0.129,IO0_pad,2.728,IO1_pad,4.374,IO1_pad,sheet1,IsSpice4,Controller,0.000,tnet,0,SSSE,3in,1.5in,0.75in,15n,default_clock
io0_ssse_3_1o5_0o75\io0_ssse_3_1o5_0o75.csd,0,0,0,NA,1.432,Controller_pad,220.677,0.074,Controller_pad,151.864,0.094,Controller_pad,76.954,2.080,Controller_pad,138.227,1.685,Controller_pad,33.202,,,,,,,,,,,,,,,,14.817,Controller_pad,14.817,Controller_pad,0.104,Controller_pad,2.440,Controller_pad,4.434,Controller_pad,sheet1,IsSpice4,IO0,0.000,tnet,0,SSSE,3in,1.5in,0.75in,15n,default_clock
io1_ssse_3_1o5_0o75\io1_ssse_3_1o5_0o75.csd,0,0,0,NA,1.260,Controller_pad,102.321,0.069,Controller_pad,31.924,0.103,Controller_pad,136.992,2.142,Controller_pad,168.189,1.697,Controller_pad,183.100,,,,,,,,,,,,,,,,14.830,Controller_pad,14.830,Controller_pad,0.089,Controller_pad,2.435,Controller_pad,4.514,Controller_pad,sheet1,IsSpice4,IO1,0.000,tnet,0,SSSE,3in,1.5in,0.75in,15n,default_clock
controller_ssse_3_1o5_1o5\controller_ssse_3_1o5_1o5.csd,0,0,0,NA,1.229,IO1_pad,101.297,0.066,IO1_pad,32.069,0.094,IO0_pad,196.958,2.055,IO0_pad,49.824,1.660,IO0_pad,93.897,,,,,,,,,,,,,,,,14.788,IO0_pad,14.788,IO0_pad,0.131,IO0_pad,2.528,IO0_pad,4.533,IO1_pad,sheet1,IsSpice4,Controller,0.000,tnet,0,SSSE,3in,1.5in,1.5in,15n,default_clock
io0_ssse_3_1o5_1o5\io0_ssse_3_1o5_1o5.csd,0,0,0,NA,1.200,Controller_pad,130.125,0.067,Controller_pad,211.862,0.095,Controller_pad,136.948,1.765,Controller_pad,228.589,1.669,Controller_pad,33.379,,,,,,,,,,,,,,,,14.819,Controller_pad,14.819,Controller_pad,0.101,Controller_pad,2.753,Controller_pad,4.119,Controller_pad,sheet1,IsSpice4,IO0,0.000,tnet,0,SSSE,3in,1.5in,1.5in,15n,default_clock
io1_ssse_3_1o5_1o5\io1_ssse_3_1o5_1o5.csd,0,0,0,NA,1.251,Controller_pad,42.623,0.070,Controller_pad,152.067,0.092,Controller_pad,197.163,2.161,Controller_pad,78.406,1.696,Controller_pad,153.337,,,,,,,,,,,,,,,,14.815,Controller_pad,14.815,Controller_pad,0.106,Controller_pad,2.489,Controller_pad,4.519,Controller_pad,sheet1,IsSpice4,IO1,0.000,tnet,0,SSSE,3in,1.5in,1.5in,15n,default_clock
controller_ssse_4_0o75_0o75\controller_ssse_4_0o75_0o75.csd,0,0,0,NA,1.161,IO0_pad,131.877,0.065,IO0_pad,61.908,0.099,IO1_pad,137.211,2.134,IO0_pad,138.795,1.647,IO0_pad,154.181,,,,,,,,,,,,,,,,14.797,IO1_pad,14.797,IO1_pad,0.124,IO1_pad,2.623,IO0_pad,4.517,IO1_pad,sheet1,IsSpice4,Controller,0.000,tnet,0,SSSE,4in,0.75in,0.75in,15n,default_clock
io0_ssse_4_0o75_0o75\io0_ssse_4_0o75_0o75.csd,0,0,0,NA,1.321,Controller_pad,41.726,0.065,Controller_pad,31.886,0.094,Controller_pad,166.994,2.206,Controller_pad,78.846,1.693,Controller_pad,63.655,,,,,,,,,,,,,,,,14.797,Controller_pad,14.797,Controller_pad,0.125,Controller_pad,2.842,Controller_pad,4.564,Controller_pad,sheet1,IsSpice4,IO0,0.000,tnet,0,SSSE,4in,0.75in,0.75in,15n,default_clock
io1_ssse_4_0o75_0o75\io1_ssse_4_0o75_0o75.csd,0,0,0,NA,1.271,Controller_pad,221.260,0.075,Controller_pad,32.100,0.110,Controller_pad,47.196,2.182,Controller_pad,168.371,1.699,Controller_pad,183.136,,,,,,,,,,,,,,,,14.798,Controller_pad,14.798,Controller_pad,0.111,Controller_pad,2.606,Controller_pad,4.545,Controller_pad,sheet1,IsSpice4,IO1,0.000,tnet,0,SSSE,4in,0.75in,0.75in,15n,default_clock
controller_ssse_4_0o75_1o5\controller_ssse_4_0o75_1o5.csd,0,7,0,NA,1.207,IO0_pad,42.481,0.065,IO0_pad,181.906,0.099,IO1_pad,47.358,2.041,IO0_pad,139.757,1.650,IO0_pad,213.482,,,,,,,,,,,,,,,,13.875,IO0_pad,13.875,IO0_pad,0.126,IO0_pad,2.513,IO1_pad,4.573,IO1_pad,sheet1,IsSpice4,Controller,0.000,tnet,0,SSSE,4in,0.75in,1.5in,15n,default_clock
io0_ssse_4_0o75_1o5\io0_ssse_4_0o75_1o5.csd,0,0,0,NA,1.192,Controller_pad,102.052,0.067,Controller_pad,91.907,0.087,Controller_pad,137.025,2.078,Controller_pad,138.696,1.681,Controller_pad,183.566,,,,,,,,,,,,,,,,14.796,Controller_pad,14.796,Controller_pad,0.131,Controller_pad,2.802,Controller_pad,4.429,Controller_pad,sheet1,IsSpice4,IO0,0.000,tnet,0,SSSE,4in,0.75in,1.5in,15n,default_clock
io1_ssse_4_0o75_1o5\io1_ssse_4_0o75_1o5.csd,0,0,0,NA,1.338,Controller_pad,132.431,0.075,Controller_pad,32.249,0.097,Controller_pad,227.350,2.224,Controller_pad,138.601,1.692,Controller_pad,63.430,,,,,,,,,,,,,,,,14.804,Controller_pad,14.804,Controller_pad,0.115,Controller_pad,2.269,Controller_pad,4.580,Controller_pad,sheet1,IsSpice4,IO1,0.000,tnet,0,SSSE,4in,0.75in,1.5in,15n,default_clock
controller_ssse_4_1o5_0o75\controller_ssse_4_1o5_0o75.csd,0,0,0,NA,1.262,IO0_pad,43.199,0.063,IO0_pad,212.045,0.098,IO0_pad,77.150,2.018,IO1_pad,228.866,1.662,IO1_pad,34.279,,,,,,,,,,,,,,,,14.795,IO0_pad,14.795,IO0_pad,0.123,IO0_pad,2.517,IO1_pad,4.431,IO0_pad,sheet1,IsSpice4,Controller,0.000,tnet,0,SSSE,4in,1.5in,0.75in,15n,default_clock
io0_ssse_4_1o5_0o75\io0_ssse_4_1o5_0o75.csd,0,0,0,NA,1.363,Controller_pad,132.085,0.062,Controller_pad,92.046,0.080,Controller_pad,47.168,2.176,Controller_pad,229.010,1.685,Controller_pad,63.855,,,,,,,,,,,,,,,,14.800,Controller_pad,14.800,Controller_pad,0.131,Controller_pad,2.823,Controller_pad,4.530,Controller_pad,sheet1,IsSpice4,IO0,0.000,tnet,0,SSSE,4in,1.5in,0.75in,15n,default_clock
io1_ssse_4_1o5_0o75\io1_ssse_4_1o5_0o75.csd,0,0,0,NA,1.218,Controller_pad,223.807,0.069,Controller_pad,32.076,0.094,Controller_pad,227.205,2.199,Controller_pad,168.839,1.693,Controller_pad,213.766,,,,,,,,,,,,,,,,14.779,Controller_pad,14.779,Controller_pad,0.144,Controller_pad,2.705,Controller_pad,4.557,Controller_pad,sheet1,IsSpice4,IO1,0.000,tnet,0,SSSE,4in,1.5in,0.75in,15n,default_clock
controller_ssse_4_1o5_1o5\controller_ssse_4_1o5_1o5.csd,0,0,0,NA,1.155,IO0_pad,223.690,0.066,IO1_pad,152.260,0.089,IO0_pad,107.168,2.007,IO0_pad,79.567,1.667,IO0_pad,64.138,,,,,,,,,,,,,,,,14.785,IO0_pad,14.785,IO0_pad,0.139,IO0_pad,2.447,IO1_pad,4.522,IO1_pad,sheet1,IsSpice4,Controller,0.000,tnet,0,SSSE,4in,1.5in,1.5in,15n,default_clock
io0_ssse_4_1o5_1o5\io0_ssse_4_1o5_1o5.csd,0,0,0,NA,1.330,Controller_pad,72.787,0.071,Controller_pad,122.056,0.088,Controller_pad,107.166,2.132,Controller_pad,108.757,1.685,Controller_pad,33.682,,,,,,,,,,,,,,,,14.798,Controller_pad,14.798,Controller_pad,0.122,Controller_pad,2.419,Controller_pad,4.486,Controller_pad,sheet1,IsSpice4,IO0,0.000,tnet,0,SSSE,4in,1.5in,1.5in,15n,default_clock
io1_ssse_4_1o5_1o5\io1_ssse_4_1o5_1o5.csd,0,0,0,NA,1.232,Controller_pad,163.709,0.062,Controller_pad,182.248,0.083,Controller_pad,47.381,2.190,Controller_pad,49.049,1.692,Controller_pad,63.915,,,,,,,,,,,,,,,,14.786,Controller_pad,14.786,Controller_pad,0.144,Controller_pad,2.693,Controller_pad,4.549,Controller_pad,sheet1,IsSpice4,IO1,0.000,tnet,0,SSSE,4in,1.5in,1.5in,15n,default_clock
controller_ssse_5_0o75_0o75\controller_ssse_5_0o75_0o75.csd,0,0,0,NA,1.173,IO1_pad,191.955,0.065,IO0_pad,32.102,0.099,IO1_pad,47.419,2.132,IO0_pad,49.455,1.664,IO0_pad,34.375,,,,,,,,,,,,,,,,14.786,IO1_pad,14.786,IO1_pad,0.134,IO1_pad,2.396,IO1_pad,4.510,IO1_pad,sheet1,IsSpice4,Controller,0.000,tnet,0,SSSE,5in,0.75in,0.75in,15n,default_clock
io0_ssse_5_0o75_0o75\io0_ssse_5_0o75_0o75.csd,0,0,0,NA,1.409,Controller_pad,41.597,0.063,Controller_pad,32.101,0.083,Controller_pad,107.203,2.212,Controller_pad,139.074,1.699,Controller_pad,63.956,,,,,,,,,,,,,,,,14.815,Controller_pad,14.815,Controller_pad,0.114,Controller_pad,2.416,Controller_pad,4.578,Controller_pad,sheet1,IsSpice4,IO0,0.000,tnet,0,SSSE,5in,0.75in,0.75in,15n,default_clock
io1_ssse_5_0o75_0o75\io1_ssse_5_0o75_0o75.csd,0,0,0,NA,1.347,Controller_pad,192.675,0.071,Controller_pad,32.301,0.096,Controller_pad,137.436,2.165,Controller_pad,78.435,1.690,Controller_pad,33.313,,,,,,,,,,,,,,,,14.778,Controller_pad,14.778,Controller_pad,0.141,Controller_pad,2.629,Controller_pad,4.523,Controller_pad,sheet1,IsSpice4,IO1,0.000,tnet,0,SSSE,5in,0.75in,0.75in,15n,default_clock
controller_ssse_5_0o75_1o5\controller_ssse_5_0o75_1o5.csd,0,7,0,NA,1.165,IO0_pad,195.760,0.065,IO0_pad,122.104,0.093,IO1_pad,167.559,2.118,IO0_pad,49.294,1.642,IO0_pad,214.948,,,,,,,,,,,,,,,,13.858,IO0_pad,13.858,IO0_pad,0.129,IO0_pad,2.458,IO1_pad,4.586,IO1_pad,sheet1,IsSpice4,Controller,0.000,tnet,0,SSSE,5in,0.75in,1.5in,15n,default_clock
io0_ssse_5_0o75_1o5\io0_ssse_5_0o75_1o5.csd,0,0,0,NA,1.310,Controller_pad,72.117,0.063,Controller_pad,122.089,0.097,Controller_pad,167.215,2.202,Controller_pad,79.345,1.688,Controller_pad,94.168,,,,,,,,,,,,,,,,14.782,Controller_pad,14.782,Controller_pad,0.143,Controller_pad,1.991,Controller_pad,4.556,Controller_pad,sheet1,IsSpice4,IO0,0.000,tnet,0,SSSE,5in,0.75in,1.5in,15n,default_clock
io1_ssse_5_0o75_1o5\io1_ssse_5_0o75_1o5.csd,0,0,0,NA,1.315,Controller_pad,43.013,0.067,Controller_pad,212.455,0.109,Controller_pad,137.569,2.182,Controller_pad,198.753,1.682,Controller_pad,63.470,,,,,,,,,,,,,,,,14.777,Controller_pad,14.777,Controller_pad,0.132,Controller_pad,2.564,Controller_pad,4.529,Controller_pad,sheet1,IsSpice4,IO1,0.000,tnet,0,SSSE,5in,0.75in,1.5in,15n,default_clock
controller_ssse_5_1o5_0o75\controller_ssse_5_1o5_0o75.csd,0,0,0,NA,1.223,IO1_pad,73.106,0.064,IO0_pad,32.254,0.091,IO0_pad,227.363,2.029,IO1_pad,229.036,1.657,IO0_pad,34.148,,,,,,,,,,,,,,,,14.785,IO1_pad,14.785,IO1_pad,0.139,IO1_pad,2.550,IO0_pad,4.441,IO0_pad,sheet1,IsSpice4,Controller,0.000,tnet,0,SSSE,5in,1.5in,0.75in,15n,default_clock
io0_ssse_5_1o5_0o75\io0_ssse_5_1o5_0o75.csd,0,0,0,NA,1.443,Controller_pad,161.977,0.065,Controller_pad,92.263,0.084,Controller_pad,77.389,2.169,Controller_pad,229.318,1.697,Controller_pad,94.171,,,,,,,,,,,,,,,,14.788,Controller_pad,14.788,Controller_pad,0.137,Controller_pad,1.993,Controller_pad,4.532,Controller_pad,sheet1,IsSpice4,IO0,0.000,tnet,0,SSSE,5in,1.5in,0.75in,15n,default_clock
io1_ssse_5_1o5_0o75\io1_ssse_5_1o5_0o75.csd,0,0,0,NA,1.255,Controller_pad,45.211,0.064,Controller_pad,212.301,0.090,Controller_pad,77.406,2.167,Controller_pad,169.395,1.699,Controller_pad,63.983,,,,,,,,,,,,,,,,14.805,Controller_pad,14.805,Controller_pad,0.120,Controller_pad,2.282,Controller_pad,4.528,Controller_pad,sheet1,IsSpice4,IO1,0.000,tnet,0,SSSE,5in,1.5in,0.75in,15n,default_clock
controller_ssse_5_1o5_1o5\controller_ssse_5_1o5_1o5.csd,0,0,0,NA,1.213,IO0_pad,165.537,0.066,IO0_pad,32.239,0.089,IO1_pad,137.565,2.084,IO0_pad,79.737,1.660,IO0_pad,34.387,,,,,,,,,,,,,,,,14.790,IO0_pad,14.790,IO0_pad,0.137,IO0_pad,2.466,IO1_pad,4.532,IO1_pad,sheet1,IsSpice4,Controller,0.000,tnet,0,SSSE,5in,1.5in,1.5in,15n,default_clock
io0_ssse_5_1o5_1o5\io0_ssse_5_1o5_1o5.csd,0,0,0,NA,1.443,Controller_pad,44.497,0.068,Controller_pad,182.214,0.084,Controller_pad,197.366,2.196,Controller_pad,199.636,1.680,Controller_pad,34.457,,,,,,,,,,,,,,,,14.763,Controller_pad,14.763,Controller_pad,0.162,Controller_pad,1.732,Controller_pad,4.538,Controller_pad,sheet1,IsSpice4,IO0,0.000,tnet,0,SSSE,5in,1.5in,1.5in,15n,default_clock
io1_ssse_5_1o5_1o5\io1_ssse_5_1o5_1o5.csd,0,0,0,NA,1.264,Controller_pad,225.493,0.065,Controller_pad,212.459,0.089,Controller_pad,227.570,2.159,Controller_pad,49.244,1.698,Controller_pad,34.164,,,,,,,,,,,,,,,,14.799,Controller_pad,14.799,Controller_pad,0.120,Controller_pad,2.319,Controller_pad,4.520,Controller_pad,sheet1,IsSpice4,IO1,0.000,tnet,0,SSSE,5in,1.5in,1.5in,15n,default_clock
controller_ssse_6_0o75_0o75\controller_ssse_6_0o75_0o75.csd,0,0,0,NA,1.189,IO1_pad,134.645,0.064,IO0_pad,92.305,0.098,IO1_pad,227.604,2.125,IO0_pad,139.719,1.658,IO0_pad,34.591,,,,,,,,,,,,,,,,14.788,IO0_pad,14.788,IO0_pad,0.137,IO0_pad,2.483,IO1_pad,4.503,IO1_pad,sheet1,IsSpice4,Controller,0.000,tnet,0,SSSE,6in,0.75in,0.75in,15n,default_clock
io0_ssse_6_0o75_0o75\io0_ssse_6_0o75_0o75.csd,0,0,0,NA,1.471,Controller_pad,193.032,0.065,Controller_pad,182.297,0.084,Controller_pad,167.417,2.196,Controller_pad,229.281,1.693,Controller_pad,214.117,,,,,,,,,,,,,,,,14.792,Controller_pad,14.792,Controller_pad,0.134,Controller_pad,2.192,Controller_pad,4.558,Controller_pad,sheet1,IsSpice4,IO0,0.000,tnet,0,SSSE,6in,0.75in,0.75in,15n,default_clock
io1_ssse_6_0o75_0o75\io1_ssse_6_0o75_0o75.csd,0,0,0,NA,1.288,Controller_pad,164.526,0.068,Controller_pad,212.499,0.096,Controller_pad,197.619,2.188,Controller_pad,78.751,1.696,Controller_pad,123.537,,,,,,,,,,,,,,,,14.784,Controller_pad,14.784,Controller_pad,0.135,Controller_pad,2.391,Controller_pad,4.549,Controller_pad,sheet1,IsSpice4,IO1,0.000,tnet,0,SSSE,6in,0.75in,0.75in,15n,default_clock
controller_ssse_6_0o75_1o5\controller_ssse_6_0o75_1o5.csd,0,7,0,NA,1.211,IO0_pad,196.702,0.065,IO0_pad,152.298,0.106,IO1_pad,137.770,2.093,IO0_pad,141.291,1.658,IO0_pad,95.113,,,,,,,,,,,,,,,,13.862,IO0_pad,13.862,IO0_pad,0.141,IO1_pad,2.432,IO1_pad,4.583,IO1_pad,sheet1,IsSpice4,Controller,0.000,tnet,0,SSSE,6in,0.75in,1.5in,15n,default_clock
io0_ssse_6_0o75_1o5\io0_ssse_6_0o75_1o5.csd,0,0,0,NA,1.391,Controller_pad,223.543,0.066,Controller_pad,122.304,0.088,Controller_pad,197.412,2.159,Controller_pad,169.907,1.691,Controller_pad,214.737,,,,,,,,,,,,,,,,14.798,Controller_pad,14.798,Controller_pad,0.128,Controller_pad,2.219,Controller_pad,4.517,Controller_pad,sheet1,IsSpice4,IO0,0.000,tnet,0,SSSE,6in,0.75in,1.5in,15n,default_clock
io1_ssse_6_0o75_1o5\io1_ssse_6_0o75_1o5.csd,0,0,0,NA,1.388,Controller_pad,224.596,0.072,Controller_pad,122.654,0.108,Controller_pad,227.777,2.223,Controller_pad,228.906,1.688,Controller_pad,33.874,,,,,,,,,,,,,,,,14.770,Controller_pad,14.770,Controller_pad,0.138,Controller_pad,2.415,Controller_pad,4.578,Controller_pad,sheet1,IsSpice4,IO1,0.000,tnet,0,SSSE,6in,0.75in,1.5in,15n,default_clock
controller_ssse_6_1o5_0o75\controller_ssse_6_1o5_0o75.csd,0,0,0,NA,1.197,IO0_pad,134.729,0.067,IO1_pad,212.500,0.099,IO1_pad,167.610,2.074,IO1_pad,139.259,1.656,IO1_pad,155.074,,,,,,,,,,,,,,,,14.794,IO1_pad,14.794,IO1_pad,0.126,IO1_pad,2.557,IO1_pad,4.434,IO0_pad,sheet1,IsSpice4,Controller,0.000,tnet,0,SSSE,6in,1.5in,0.75in,15n,default_clock
io0_ssse_6_1o5_0o75\io0_ssse_6_1o5_0o75.csd,0,0,0,NA,1.356,Controller_pad,73.316,0.062,Controller_pad,182.443,0.085,Controller_pad,167.568,2.140,Controller_pad,49.558,1.690,Controller_pad,154.351,,,,,,,,,,,,,,,,14.789,Controller_pad,14.789,Controller_pad,0.138,Controller_pad,1.927,Controller_pad,4.499,Controller_pad,sheet1,IsSpice4,IO0,0.000,tnet,0,SSSE,6in,1.5in,0.75in,15n,default_clock
io1_ssse_6_1o5_0o75\io1_ssse_6_1o5_0o75.csd,0,0,0,NA,1.304,Controller_pad,75.204,0.071,Controller_pad,62.481,0.083,Controller_pad,47.608,2.156,Controller_pad,229.833,1.696,Controller_pad,34.184,,,,,,,,,,,,,,,,14.790,Controller_pad,14.790,Controller_pad,0.135,Controller_pad,2.214,Controller_pad,4.517,Controller_pad,sheet1,IsSpice4,IO1,0.000,tnet,0,SSSE,6in,1.5in,0.75in,15n,default_clock
controller_ssse_6_1o5_1o5\controller_ssse_6_1o5_1o5.csd,0,0,0,NA,1.172,IO1_pad,47.338,0.067,IO0_pad,62.449,0.094,IO1_pad,107.763,2.101,IO0_pad,199.801,1.657,IO0_pad,155.263,,,,,,,,,,,,,,,,14.791,IO1_pad,14.791,IO1_pad,0.131,IO1_pad,2.591,IO0_pad,4.520,IO1_pad,sheet1,IsSpice4,Controller,0.000,tnet,0,SSSE,6in,1.5in,1.5in,15n,default_clock
io0_ssse_6_1o5_1o5\io0_ssse_6_1o5_1o5.csd,0,0,0,NA,1.444,Controller_pad,103.963,0.066,Controller_pad,92.456,0.097,Controller_pad,77.549,2.184,Controller_pad,230.023,1.693,Controller_pad,124.834,,,,,,,,,,,,,,,,14.811,Controller_pad,14.811,Controller_pad,0.110,Controller_pad,1.832,Controller_pad,4.540,Controller_pad,sheet1,IsSpice4,IO0,0.000,tnet,0,SSSE,6in,1.5in,1.5in,15n,default_clock
io1_ssse_6_1o5_1o5\io1_ssse_6_1o5_1o5.csd,0,0,0,NA,1.265,Controller_pad,107.299,0.070,Controller_pad,62.615,0.086,Controller_pad,227.762,2.153,Controller_pad,139.529,1.695,Controller_pad,34.327,,,,,,,,,,,,,,,,14.767,Controller_pad,14.767,Controller_pad,0.156,Controller_pad,2.203,Controller_pad,4.509,Controller_pad,sheet1,IsSpice4,IO1,0.000,tnet,0,SSSE,6in,1.5in,1.5in,15n,default_clock
controller_fffe_3_0o75_0o75\controller_fffe_3_0o75_0o75.csd,0,0,0,NA,1.280,IO1_pad,128.910,0.058,IO0_pad,211.173,0.072,IO1_pad,211.333,2.591,IO0_pad,137.420,1.787,IO0_pad,32.162,,,,,,,,,,,,,,,,14.894,IO1_pad,14.894,IO1_pad,0.044,IO1_pad,3.545,IO0_pad,5.160,IO1_pad,sheet1,IsSpice4,Controller,0.000,tnet,0,FFFE,3in,0.75in,0.75in,15n,default_clock
io0_fffe_3_0o75_0o75\io0_fffe_3_0o75_0o75.csd,0,0,0,NA,1.418,Controller_pad,129.499,0.069,Controller_pad,31.181,0.076,Controller_pad,46.231,2.671,Controller_pad,47.151,1.839,Controller_pad,212.090,,,,,,,,,,,,,,,,14.874,Controller_pad,14.874,Controller_pad,0.055,Controller_pad,2.846,Controller_pad,5.176,Controller_pad,sheet1,IsSpice4,IO0,0.000,tnet,0,FFFE,3in,0.75in,0.75in,15n,default_clock
io1_fffe_3_0o75_0o75\io1_fffe_3_0o75_0o75.csd,0,0,0,NA,1.446,Controller_pad,38.975,0.062,Controller_pad,226.388,0.096,Controller_pad,91.347,2.707,Controller_pad,137.238,1.839,Controller_pad,62.160,,,,,,,,,,,,,,,,14.893,Controller_pad,14.893,Controller_pad,0.037,Controller_pad,3.324,Controller_pad,5.208,Controller_pad,sheet1,IsSpice4,IO1,0.000,tnet,0,FFFE,3in,0.75in,0.75in,15n,default_clock
controller_fffe_3_0o75_1o5\controller_fffe_3_0o75_1o5.csd,0,0,0,NA,1.284,IO0_pad,39.114,0.058,IO0_pad,31.177,0.066,IO1_pad,31.453,2.609,IO0_pad,47.504,1.818,IO0_pad,62.350,,,,,,,,,,,,,,,,14.899,IO0_pad,14.899,IO0_pad,0.045,IO0_pad,3.059,IO0_pad,5.215,IO1_pad,sheet1,IsSpice4,Controller,0.000,tnet,0,FFFE,3in,0.75in,1.5in,15n,default_clock
io0_fffe_3_0o75_1o5\io0_fffe_3_0o75_1o5.csd,0,0,0,NA,1.389,Controller_pad,40.901,0.062,Controller_pad,106.252,0.073,Controller_pad,31.191,2.663,Controller_pad,107.300,1.835,Controller_pad,32.295,,,,,,,,,,,,,,,,14.888,Controller_pad,14.888,Controller_pad,0.046,Controller_pad,2.834,Controller_pad,5.163,Controller_pad,sheet1,IsSpice4,IO0,0.000,tnet,0,FFFE,3in,0.75in,1.5in,15n,default_clock
io1_fffe_3_0o75_1o5\io1_fffe_3_0o75_1o5.csd,0,0,0,NA,1.456,Controller_pad,160.346,0.061,Controller_pad,196.495,0.076,Controller_pad,181.454,2.739,Controller_pad,77.406,1.845,Controller_pad,212.331,,,,,,,,,,,,,,,,14.897,Controller_pad,14.897,Controller_pad,0.042,Controller_pad,3.107,Controller_pad,5.246,Controller_pad,sheet1,IsSpice4,IO1,0.000,tnet,0,FFFE,3in,0.75in,1.5in,15n,default_clock
controller_fffe_3_1o5_0o75\controller_fffe_3_1o5_0o75.csd,0,0,0,NA,1.307,IO1_pad,38.904,0.058,IO0_pad,181.290,0.067,IO1_pad,106.368,2.634,IO0_pad,107.797,1.818,IO1_pad,182.436,,,,,,,,,,,,,,,,14.899,IO1_pad,14.899,IO1_pad,0.046,IO0_pad,3.365,IO0_pad,5.122,IO0_pad,sheet1,IsSpice4,Controller,0.000,tnet,0,FFFE,3in,1.5in,0.75in,15n,default_clock
io0_fffe_3_1o5_0o75\io0_fffe_3_1o5_0o75.csd,0,0,0,NA,1.406,Controller_pad,159.536,0.060,Controller_pad,136.330,0.068,Controller_pad,211.283,2.724,Controller_pad,227.349,1.841,Controller_pad,32.277,,,,,,,,,,,,,,,,14.895,Controller_pad,14.895,Controller_pad,0.045,Controller_pad,2.913,Controller_pad,5.227,Controller_pad,sheet1,IsSpice4,IO0,0.000,tnet,0,FFFE,3in,1.5in,0.75in,15n,default_clock
io1_fffe_3_1o5_0o75\io1_fffe_3_1o5_0o75.csd,0,0,0,NA,1.413,Controller_pad,39.396,0.067,Controller_pad,226.373,0.074,Controller_pad,211.350,2.706,Controller_pad,107.420,1.844,Controller_pad,62.330,,,,,,,,,,,,,,,,14.910,Controller_pad,14.910,Controller_pad,0.023,Controller_pad,3.234,Controller_pad,5.212,Controller_pad,sheet1,IsSpice4,IO1,0.000,tnet,0,FFFE,3in,1.5in,0.75in,15n,default_clock
controller_fffe_3_1o5_1o5\controller_fffe_3_1o5_1o5.csd,0,0,0,NA,1.339,IO1_pad,70.263,0.058,IO0_pad,31.293,0.066,IO1_pad,121.462,2.617,IO0_pad,137.777,1.816,IO0_pad,182.675,,,,,,,,,,,,,,,,14.891,IO0_pad,14.891,IO0_pad,0.048,IO0_pad,3.146,IO0_pad,5.156,IO1_pad,sheet1,IsSpice4,Controller,0.000,tnet,0,FFFE,3in,1.5in,1.5in,15n,default_clock
io0_fffe_3_1o5_1o5\io0_fffe_3_1o5_1o5.csd,0,0,0,NA,1.390,Controller_pad,98.979,0.059,Controller_pad,46.325,0.069,Controller_pad,31.298,2.668,Controller_pad,107.690,1.831,Controller_pad,122.610,,,,,,,,,,,,,,,,14.909,Controller_pad,14.909,Controller_pad,0.030,Controller_pad,3.047,Controller_pad,5.163,Controller_pad,sheet1,IsSpice4,IO0,0.000,tnet,0,FFFE,3in,1.5in,1.5in,15n,default_clock
io1_fffe_3_1o5_1o5\io1_fffe_3_1o5_1o5.csd,0,0,0,NA,1.433,Controller_pad,40.230,0.066,Controller_pad,136.500,0.071,Controller_pad,31.459,2.706,Controller_pad,227.529,1.837,Controller_pad,92.479,,,,,,,,,,,,,,,,14.893,Controller_pad,14.893,Controller_pad,0.041,Controller_pad,2.723,Controller_pad,5.206,Controller_pad,sheet1,IsSpice4,IO1,0.000,tnet,0,FFFE,3in,1.5in,1.5in,15n,default_clock
controller_fffe_4_0o75_0o75\controller_fffe_4_0o75_0o75.csd,0,0,0,NA,1.346,IO0_pad,100.669,0.056,IO0_pad,181.333,0.071,IO1_pad,151.503,2.614,IO0_pad,47.983,1.811,IO0_pad,152.877,,,,,,,,,,,,,,,,14.890,IO1_pad,14.890,IO1_pad,0.051,IO1_pad,2.786,IO0_pad,5.178,IO1_pad,sheet1,IsSpice4,Controller,0.000,tnet,0,FFFE,4in,0.75in,0.75in,15n,default_clock
io0_fffe_4_0o75_0o75\io0_fffe_4_0o75_0o75.csd,0,0,0,NA,1.513,Controller_pad,42.748,0.057,Controller_pad,166.373,0.070,Controller_pad,121.342,2.688,Controller_pad,47.698,1.830,Controller_pad,32.822,,,,,,,,,,,,,,,,14.910,Controller_pad,14.910,Controller_pad,0.028,Controller_pad,2.638,Controller_pad,5.181,Controller_pad,sheet1,IsSpice4,IO0,0.000,tnet,0,FFFE,4in,0.75in,0.75in,15n,default_clock
io1_fffe_4_0o75_0o75\io1_fffe_4_0o75_0o75.csd,0,0,0,NA,1.417,Controller_pad,40.722,0.061,Controller_pad,211.494,0.065,Controller_pad,106.536,2.724,Controller_pad,47.414,1.838,Controller_pad,122.694,,,,,,,,,,,,,,,,14.890,Controller_pad,14.890,Controller_pad,0.047,Controller_pad,3.078,Controller_pad,5.225,Controller_pad,sheet1,IsSpice4,IO1,0.000,tnet,0,FFFE,4in,0.75in,0.75in,15n,default_clock
controller_fffe_4_0o75_1o5\controller_fffe_4_0o75_1o5.csd,0,0,0,NA,1.349,IO0_pad,101.077,0.057,IO0_pad,31.327,0.078,IO1_pad,121.629,2.600,IO0_pad,197.759,1.798,IO0_pad,32.610,,,,,,,,,,,,,,,,14.888,IO1_pad,14.888,IO1_pad,0.053,IO0_pad,2.750,IO0_pad,5.207,IO1_pad,sheet1,IsSpice4,Controller,0.000,tnet,0,FFFE,4in,0.75in,1.5in,15n,default_clock
io0_fffe_4_0o75_1o5\io0_fffe_4_0o75_1o5.csd,0,0,0,NA,1.449,Controller_pad,101.928,0.062,Controller_pad,226.371,0.067,Controller_pad,121.324,2.687,Controller_pad,137.696,1.839,Controller_pad,32.576,,,,,,,,,,,,,,,,14.890,Controller_pad,14.890,Controller_pad,0.046,Controller_pad,3.072,Controller_pad,5.189,Controller_pad,sheet1,IsSpice4,IO0,0.000,tnet,0,FFFE,4in,0.75in,1.5in,15n,default_clock
io1_fffe_4_0o75_1o5\io1_fffe_4_0o75_1o5.csd,0,0,0,NA,1.409,Controller_pad,220.906,0.071,Controller_pad,121.625,0.074,Controller_pad,31.623,2.710,Controller_pad,137.599,1.836,Controller_pad,212.417,,,,,,,,,,,,,,,,14.878,Controller_pad,14.878,Controller_pad,0.054,Controller_pad,2.689,Controller_pad,5.208,Controller_pad,sheet1,IsSpice4,IO1,0.000,tnet,0,FFFE,4in,0.75in,1.5in,15n,default_clock
controller_fffe_4_1o5_0o75\controller_fffe_4_1o5_0o75.csd,0,0,0,NA,1.314,IO0_pad,190.920,0.061,IO0_pad,151.454,0.065,IO1_pad,76.532,2.640,IO0_pad,48.329,1.822,IO0_pad,93.216,,,,,,,,,,,,,,,,14.888,IO0_pad,14.888,IO0_pad,0.052,IO0_pad,2.791,IO0_pad,5.127,IO0_pad,sheet1,IsSpice4,Controller,0.000,tnet,0,FFFE,4in,1.5in,0.75in,15n,default_clock
io0_fffe_4_1o5_0o75\io0_fffe_4_1o5_0o75.csd,0,0,0,NA,1.447,Controller_pad,40.906,0.058,Controller_pad,211.455,0.064,Controller_pad,166.485,2.734,Controller_pad,167.796,1.841,Controller_pad,32.692,,,,,,,,,,,,,,,,14.905,Controller_pad,14.905,Controller_pad,0.036,Controller_pad,3.047,Controller_pad,5.238,Controller_pad,sheet1,IsSpice4,IO0,0.000,tnet,0,FFFE,4in,1.5in,0.75in,15n,default_clock
io1_fffe_4_1o5_0o75\io1_fffe_4_1o5_0o75.csd,0,0,0,NA,1.425,Controller_pad,70.265,0.071,Controller_pad,31.502,0.077,Controller_pad,136.544,2.748,Controller_pad,137.780,1.845,Controller_pad,32.704,,,,,,,,,,,,,,,,14.878,Controller_pad,14.878,Controller_pad,0.050,Controller_pad,3.056,Controller_pad,5.257,Controller_pad,sheet1,IsSpice4,IO1,0.000,tnet,0,FFFE,4in,1.5in,0.75in,15n,default_clock
controller_fffe_4_1o5_1o5\controller_fffe_4_1o5_1o5.csd,0,0,0,NA,1.359,IO1_pad,161.263,0.060,IO1_pad,226.658,0.067,IO0_pad,166.501,2.605,IO0_pad,228.304,1.807,IO0_pad,213.207,,,,,,,,,,,,,,,,14.885,IO0_pad,14.885,IO0_pad,0.051,IO0_pad,2.572,IO0_pad,5.131,IO1_pad,sheet1,IsSpice4,Controller,0.000,tnet,0,FFFE,4in,1.5in,1.5in,15n,default_clock
io0_fffe_4_1o5_1o5\io0_fffe_4_1o5_1o5.csd,0,0,0,NA,1.581,Controller_pad,70.110,0.055,Controller_pad,181.437,0.066,Controller_pad,196.474,2.713,Controller_pad,227.793,1.847,Controller_pad,212.716,,,,,,,,,,,,,,,,14.900,Controller_pad,14.900,Controller_pad,0.044,Controller_pad,2.932,Controller_pad,5.224,Controller_pad,sheet1,IsSpice4,IO0,0.000,tnet,0,FFFE,4in,1.5in,1.5in,15n,default_clock
io1_fffe_4_1o5_1o5\io1_fffe_4_1o5_1o5.csd,0,0,0,NA,1.528,Controller_pad,41.422,0.063,Controller_pad,136.664,0.069,Controller_pad,61.612,2.762,Controller_pad,227.931,1.849,Controller_pad,92.821,,,,,,,,,,,,,,,,14.879,Controller_pad,14.879,Controller_pad,0.059,Controller_pad,2.643,Controller_pad,5.278,Controller_pad,sheet1,IsSpice4,IO1,0.000,tnet,0,FFFE,4in,1.5in,1.5in,15n,default_clock
controller_fffe_5_0o75_0o75\controller_fffe_5_0o75_0o75.csd,0,0,0,NA,1.377,IO1_pad,70.982,0.060,IO1_pad,76.708,0.071,IO1_pad,151.666,2.630,IO0_pad,108.389,1.809,IO0_pad,63.348,,,,,,,,,,,,,,,,14.895,IO1_pad,14.895,IO1_pad,0.044,IO1_pad,2.369,IO1_pad,5.159,IO1_pad,sheet1,IsSpice4,Controller,0.000,tnet,0,FFFE,5in,0.75in,0.75in,15n,default_clock
io0_fffe_5_0o75_0o75\io0_fffe_5_0o75_0o75.csd,0,0,0,NA,1.556,Controller_pad,100.464,0.056,Controller_pad,31.492,0.066,Controller_pad,46.526,2.707,Controller_pad,198.066,1.838,Controller_pad,93.035,,,,,,,,,,,,,,,,14.895,Controller_pad,14.895,Controller_pad,0.046,Controller_pad,2.367,Controller_pad,5.209,Controller_pad,sheet1,IsSpice4,IO0,0.000,tnet,0,FFFE,5in,0.75in,0.75in,15n,default_clock
io1_fffe_5_0o75_0o75\io1_fffe_5_0o75_0o75.csd,0,0,0,NA,1.389,Controller_pad,46.196,0.064,Controller_pad,46.698,0.071,Controller_pad,31.659,2.707,Controller_pad,137.562,1.836,Controller_pad,32.464,,,,,,,,,,,,,,,,14.887,Controller_pad,14.887,Controller_pad,0.047,Controller_pad,2.561,Controller_pad,5.206,Controller_pad,sheet1,IsSpice4,IO1,0.000,tnet,0,FFFE,5in,0.75in,0.75in,15n,default_clock
controller_fffe_5_0o75_1o5\controller_fffe_5_0o75_1o5.csd,0,0,0,NA,1.399,IO0_pad,132.120,0.057,IO0_pad,181.495,0.069,IO1_pad,151.777,2.586,IO0_pad,108.584,1.797,IO0_pad,153.340,,,,,,,,,,,,,,,,14.901,IO1_pad,14.901,IO1_pad,0.037,IO0_pad,2.507,IO1_pad,5.227,IO1_pad,sheet1,IsSpice4,Controller,0.000,tnet,0,FFFE,5in,0.75in,1.5in,15n,default_clock
io0_fffe_5_0o75_1o5\io0_fffe_5_0o75_1o5.csd,0,0,0,NA,1.434,Controller_pad,159.342,0.063,Controller_pad,31.511,0.069,Controller_pad,136.553,2.692,Controller_pad,47.903,1.827,Controller_pad,32.721,,,,,,,,,,,,,,,,14.892,Controller_pad,14.892,Controller_pad,0.045,Controller_pad,2.466,Controller_pad,5.185,Controller_pad,sheet1,IsSpice4,IO0,0.000,tnet,0,FFFE,5in,0.75in,1.5in,15n,default_clock
io1_fffe_5_0o75_1o5\io1_fffe_5_0o75_1o5.csd,0,0,0,NA,1.569,Controller_pad,42.793,0.058,Controller_pad,106.822,0.077,Controller_pad,151.782,2.694,Controller_pad,227.709,1.834,Controller_pad,32.645,,,,,,,,,,,,,,,,14.897,Controller_pad,14.897,Controller_pad,0.042,Controller_pad,2.308,Controller_pad,5.192,Controller_pad,sheet1,IsSpice4,IO1,0.000,tnet,0,FFFE,5in,0.75in,1.5in,15n,default_clock
controller_fffe_5_1o5_0o75\controller_fffe_5_1o5_0o75.csd,0,0,0,NA,1.326,IO1_pad,41.668,0.059,IO0_pad,151.614,0.068,IO1_pad,61.662,2.630,IO0_pad,168.760,1.822,IO0_pad,213.701,,,,,,,,,,,,,,,,14.891,IO1_pad,14.891,IO1_pad,0.048,IO1_pad,2.580,IO1_pad,5.136,IO1_pad,sheet1,IsSpice4,Controller,0.000,tnet,0,FFFE,5in,1.5in,0.75in,15n,default_clock
io0_fffe_5_1o5_0o75\io0_fffe_5_1o5_0o75.csd,0,0,0,NA,1.399,Controller_pad,161.165,0.071,Controller_pad,46.670,0.083,Controller_pad,181.633,2.720,Controller_pad,108.096,1.838,Controller_pad,212.632,,,,,,,,,,,,,,,,14.888,Controller_pad,14.888,Controller_pad,0.039,Controller_pad,2.487,Controller_pad,5.220,Controller_pad,sheet1,IsSpice4,IO0,0.000,tnet,0,FFFE,5in,1.5in,0.75in,15n,default_clock
io1_fffe_5_1o5_0o75\io1_fffe_5_1o5_0o75.csd,0,0,0,NA,1.430,Controller_pad,130.943,0.058,Controller_pad,166.713,0.069,Controller_pad,211.673,2.734,Controller_pad,198.358,1.840,Controller_pad,212.756,,,,,,,,,,,,,,,,14.900,Controller_pad,14.900,Controller_pad,0.038,Controller_pad,2.436,Controller_pad,5.238,Controller_pad,sheet1,IsSpice4,IO1,0.000,tnet,0,FFFE,5in,1.5in,0.75in,15n,default_clock
controller_fffe_5_1o5_1o5\controller_fffe_5_1o5_1o5.csd,0,0,0,NA,1.348,IO1_pad,42.431,0.056,IO0_pad,121.613,0.067,IO1_pad,151.782,2.598,IO0_pad,228.778,1.805,IO0_pad,183.670,,,,,,,,,,,,,,,,14.896,IO1_pad,14.896,IO1_pad,0.044,IO0_pad,2.441,IO0_pad,5.160,IO1_pad,sheet1,IsSpice4,Controller,0.000,tnet,0,FFFE,5in,1.5in,1.5in,15n,default_clock
io0_fffe_5_1o5_1o5\io0_fffe_5_1o5_1o5.csd,0,0,0,NA,1.403,Controller_pad,166.275,0.057,Controller_pad,46.653,0.062,Controller_pad,31.629,2.730,Controller_pad,198.017,1.839,Controller_pad,182.895,,,,,,,,,,,,,,,,14.914,Controller_pad,14.914,Controller_pad,0.029,Controller_pad,2.436,Controller_pad,5.232,Controller_pad,sheet1,IsSpice4,IO0,0.000,tnet,0,FFFE,5in,1.5in,1.5in,15n,default_clock
io1_fffe_5_1o5_1o5\io1_fffe_5_1o5_1o5.csd,0,0,0,NA,1.529,Controller_pad,42.525,0.058,Controller_pad,46.826,0.076,Controller_pad,121.796,2.708,Controller_pad,138.421,1.842,Controller_pad,122.875,,,,,,,,,,,,,,,,14.913,Controller_pad,14.913,Controller_pad,0.025,Controller_pad,2.364,Controller_pad,5.216,Controller_pad,sheet1,IsSpice4,IO1,0.000,tnet,0,FFFE,5in,1.5in,1.5in,15n,default_clock
controller_fffe_6_0o75_0o75\controller_fffe_6_0o75_0o75.csd,0,0,0,NA,1.319,IO0_pad,42.259,0.058,IO0_pad,121.658,0.066,IO1_pad,61.812,2.621,IO0_pad,138.921,1.811,IO0_pad,153.804,,,,,,,,,,,,,,,,14.898,IO0_pad,14.898,IO0_pad,0.042,IO1_pad,2.367,IO1_pad,5.175,IO1_pad,sheet1,IsSpice4,Controller,0.000,tnet,0,FFFE,6in,0.75in,0.75in,15n,default_clock
io0_fffe_6_0o75_0o75\io0_fffe_6_0o75_0o75.csd,0,0,0,NA,1.532,Controller_pad,41.900,0.068,Controller_pad,226.730,0.073,Controller_pad,211.679,2.677,Controller_pad,198.276,1.834,Controller_pad,152.536,,,,,,,,,,,,,,,,14.877,Controller_pad,14.877,Controller_pad,0.054,Controller_pad,2.457,Controller_pad,5.173,Controller_pad,sheet1,IsSpice4,IO0,0.000,tnet,0,FFFE,6in,0.75in,0.75in,15n,default_clock
io1_fffe_6_0o75_0o75\io1_fffe_6_0o75_0o75.csd,0,0,0,NA,1.522,Controller_pad,72.429,0.067,Controller_pad,226.858,0.105,Controller_pad,211.841,2.715,Controller_pad,227.584,1.843,Controller_pad,92.558,,,,,,,,,,,,,,,,14.895,Controller_pad,14.895,Controller_pad,0.018,Controller_pad,2.351,Controller_pad,5.227,Controller_pad,sheet1,IsSpice4,IO1,0.000,tnet,0,FFFE,6in,0.75in,0.75in,15n,default_clock
controller_fffe_6_0o75_1o5\controller_fffe_6_0o75_1o5.csd,0,0,0,NA,1.429,IO0_pad,224.505,0.055,IO0_pad,181.654,0.072,IO1_pad,121.945,2.641,IO0_pad,48.872,1.818,IO0_pad,213.764,,,,,,,,,,,,,,,,14.891,IO1_pad,14.891,IO1_pad,0.050,IO0_pad,2.573,IO1_pad,5.230,IO1_pad,sheet1,IsSpice4,Controller,0.000,tnet,0,FFFE,6in,0.75in,1.5in,15n,default_clock
io0_fffe_6_0o75_1o5\io0_fffe_6_0o75_1o5.csd,0,0,0,NA,1.494,Controller_pad,162.202,0.064,Controller_pad,76.712,0.069,Controller_pad,61.656,2.704,Controller_pad,198.012,1.838,Controller_pad,212.861,,,,,,,,,,,,,,,,14.877,Controller_pad,14.877,Controller_pad,0.061,Controller_pad,2.317,Controller_pad,5.206,Controller_pad,sheet1,IsSpice4,IO0,0.000,tnet,0,FFFE,6in,0.75in,1.5in,15n,default_clock
io1_fffe_6_0o75_1o5\io1_fffe_6_0o75_1o5.csd,0,0,0,NA,1.462,Controller_pad,43.802,0.060,Controller_pad,166.970,0.081,Controller_pad,31.946,2.734,Controller_pad,137.873,1.844,Controller_pad,182.749,,,,,,,,,,,,,,,,14.912,Controller_pad,14.912,Controller_pad,0.023,Controller_pad,2.631,Controller_pad,5.239,Controller_pad,sheet1,IsSpice4,IO1,0.000,tnet,0,FFFE,6in,0.75in,1.5in,15n,default_clock
controller_fffe_6_1o5_0o75\controller_fffe_6_1o5_0o75.csd,0,0,0,NA,1.392,IO0_pad,133.169,0.058,IO1_pad,31.817,0.066,IO1_pad,46.859,2.625,IO1_pad,49.344,1.821,IO1_pad,94.245,,,,,,,,,,,,,,,,14.894,IO1_pad,14.894,IO1_pad,0.047,IO1_pad,2.535,IO1_pad,5.130,IO0_pad,sheet1,IsSpice4,Controller,0.000,tnet,0,FFFE,6in,1.5in,0.75in,15n,default_clock
io0_fffe_6_1o5_0o75\io0_fffe_6_1o5_0o75.csd,0,0,0,NA,1.495,Controller_pad,222.419,0.074,Controller_pad,166.833,0.085,Controller_pad,121.789,2.707,Controller_pad,108.313,1.841,Controller_pad,182.767,,,,,,,,,,,,,,,,14.883,Controller_pad,14.883,Controller_pad,0.044,Controller_pad,2.731,Controller_pad,5.212,Controller_pad,sheet1,IsSpice4,IO0,0.000,tnet,0,FFFE,6in,1.5in,0.75in,15n,default_clock
io1_fffe_6_1o5_0o75\io1_fffe_6_1o5_0o75.csd,0,0,0,NA,1.538,Controller_pad,71.868,0.067,Controller_pad,76.875,0.076,Controller_pad,181.846,2.727,Controller_pad,78.080,1.843,Controller_pad,32.895,,,,,,,,,,,,,,,,14.903,Controller_pad,14.903,Controller_pad,0.029,Controller_pad,2.593,Controller_pad,5.235,Controller_pad,sheet1,IsSpice4,IO1,0.000,tnet,0,FFFE,6in,1.5in,0.75in,15n,default_clock
controller_fffe_6_1o5_1o5\controller_fffe_6_1o5_1o5.csd,0,0,0,NA,1.320,IO0_pad,104.771,0.059,IO0_pad,211.783,0.067,IO1_pad,136.991,2.625,IO0_pad,139.244,1.810,IO0_pad,124.166,,,,,,,,,,,,,,,,14.885,IO1_pad,14.885,IO1_pad,0.054,IO1_pad,2.624,IO0_pad,5.151,IO1_pad,sheet1,IsSpice4,Controller,0.000,tnet,0,FFFE,6in,1.5in,1.5in,15n,default_clock
io0_fffe_6_1o5_1o5\io0_fffe_6_1o5_1o5.csd,0,0,0,NA,1.433,Controller_pad,43.106,0.057,Controller_pad,31.763,0.066,Controller_pad,226.797,2.708,Controller_pad,108.695,1.842,Controller_pad,33.030,,,,,,,,,,,,,,,,14.897,Controller_pad,14.897,Controller_pad,0.043,Controller_pad,2.635,Controller_pad,5.213,Controller_pad,sheet1,IsSpice4,IO0,0.000,tnet,0,FFFE,6in,1.5in,1.5in,15n,default_clock
io1_fffe_6_1o5_1o5\io1_fffe_6_1o5_1o5.csd,0,0,0,NA,1.504,Controller_pad,43.655,0.062,Controller_pad,46.996,0.080,Controller_pad,91.951,2.729,Controller_pad,108.198,1.843,Controller_pad,33.065,,,,,,,,,,,,,,,,14.890,Controller_pad,14.890,Controller_pad,0.043,Controller_pad,2.393,Controller_pad,5.238,Controller_pad,sheet1,IsSpice4,IO1,0.000,tnet,0,FFFE,6in,1.5in,1.5in,15n,default_clock
